{
  "fit_time": 0.13514342308044433,
  "score_time": 0.01443777084350586,
  "accuracy": 0.8035580524344569,
  "balanced_accuracy": 0.7854145092380387,
  "f1": 0.7347246193519068,
  "gmpr": 0.7365964477297082,
  "jaccard": 0.5809805854924561,
  "precision": 0.7693949905397675,
  "recall": 0.7075630252100842,
  "roc_auc": 0.8543729168435051
}