{"fit_time": 0.23317513465881348, "score_time": 0.03878364562988281, "accuracy": 0.8271410736579277, "balanced_accuracy": 0.8006086070791953, "f1": 0.7528286744065692, "gmpr": 0.7576713932969217, "jaccard": 0.6051024643129905, "precision": 0.8381532044717528, "recall": 0.6869747899159664, "roc_auc": 0.8711271255977138}