{"fit_time": 0.20959603786468506, "score_time": 0.03820548057556152, "accuracy": 0.8293757802746567, "balanced_accuracy": 0.8018149279913986, "f1": 0.7538133044671186, "gmpr": 0.7590576159024693, "jaccard": 0.6066301408406671, "precision": 0.8448459372169049, "recall": 0.6838655462184875, "roc_auc": 0.8741230795348442}