{"fit_time": 0.1882629156112671, "score_time": 0.03478660583496094, "accuracy": 0.8203870162297129, "balanced_accuracy": 0.796737684972979, "f1": 0.7476210818377117, "gmpr": 0.7515392731907939, "jaccard": 0.5984744821843665, "precision": 0.8153824179938644, "recall": 0.6956302521008404, "roc_auc": 0.8759345839345839}