{
  "fit_time": 0.24314570426940918,
  "score_time": 0.04290311336517334,
  "accuracy": 0.8192759051186018,
  "balanced_accuracy": 0.7936582915994681,
  "f1": 0.7437045914970976,
  "gmpr": 0.7474657770351427,
  "jaccard": 0.5935493210738009,
  "precision": 0.818572844710743,
  "recall": 0.6839495798319328,
  "roc_auc": 0.872189627366098
}