{"fit_time": 0.9248642683029175, "score_time": 0.13580567836761476, "accuracy": 0.8293632958801498, "balanced_accuracy": 0.8040020654726536, "f1": 0.7572265847252886, "gmpr": 0.7615174102573903, "jaccard": 0.6113136909663465, "precision": 0.8361572183378356, "recall": 0.695546218487395, "roc_auc": 0.8703211951447246}